iteration,estimator,scoring,loss,mean_score,std_score,min_score,max_score,train_time,status,params
1,LGBMClassifier,accuracy,0.21355932203389827,0.7864406779661017,0.02611123165715556,0.7457627118644068,0.8248587570621468,16.269846908999966,ok,"{'boosting_type': 'goss', 'class_weight': 'balanced', 'colsample_bytree': 0.6397291095523583, 'learning_rate': 0.12197567494536023, 'max_depth': 7, 'min_child_samples': 176, 'n_estimators': 5606, 'num_leaves': 13, 'reg_alpha': 0.3742942031224138, 'reg_lambda': 0.6518898016017329, 'subsample_for_bin': 101746, 'n_jobs': 5, 'random_state': 0}"
2,LGBMClassifier,accuracy,0.16949152542372892,0.8305084745762711,0.024234588236753896,0.8022598870056498,0.8587570621468926,150.85037314,ok,"{'boosting_type': 'dart', 'class_weight': None, 'colsample_bytree': 0.7304138750812225, 'learning_rate': 0.18897728169937308, 'max_depth': 12, 'min_child_samples': 93, 'n_estimators': 6228, 'num_leaves': 63, 'reg_alpha': 0.4665106439944023, 'reg_lambda': 0.7228471498359047, 'subsample_for_bin': 249522, 'n_jobs': 5, 'random_state': 0}"
3,LGBMClassifier,accuracy,0.5322033898305085,0.46779661016949153,0.11847714919519192,0.3333333333333333,0.6440677966101694,2.064933824000036,ok,"{'boosting_type': 'gbdt', 'class_weight': 'balanced', 'colsample_bytree': 0.6931222323243207, 'learning_rate': 0.08437995572482472, 'max_depth': 14, 'min_child_samples': 442, 'n_estimators': 8651, 'num_leaves': 137, 'reg_alpha': 0.8083425096431311, 'reg_lambda': 0.2206337909221071, 'subsample_for_bin': 250479, 'n_jobs': 5, 'random_state': 0}"
4,LGBMClassifier,accuracy,0.3819209039548024,0.6180790960451976,0.033633618228558676,0.5706214689265536,0.6666666666666666,0.3712593800000832,ok,"{'boosting_type': 'goss', 'class_weight': None, 'colsample_bytree': 0.6068708461398409, 'learning_rate': 0.2966225428408781, 'max_depth': 9, 'min_child_samples': 449, 'n_estimators': 2933, 'num_leaves': 129, 'reg_alpha': 0.6377440122941922, 'reg_lambda': 0.7625457313372969, 'subsample_for_bin': 26513, 'n_jobs': 5, 'random_state': 0}"
5,LGBMClassifier,accuracy,0.16158192090395485,0.8384180790960452,0.02439212784737049,0.8135593220338984,0.8700564971751412,77.97361951900007,ok,"{'boosting_type': 'dart', 'class_weight': 'balanced', 'colsample_bytree': 0.8763195111975617, 'learning_rate': 0.05810749992064587, 'max_depth': 11, 'min_child_samples': 86, 'n_estimators': 5010, 'num_leaves': 146, 'reg_alpha': 0.8506686662329963, 'reg_lambda': 0.5767017049131986, 'subsample_for_bin': 293543, 'n_jobs': 5, 'random_state': 0}"
6,LGBMClassifier,accuracy,0.3706214689265537,0.6293785310734463,0.06785308382373978,0.4971751412429379,0.6836158192090396,4.982820886999889,ok,"{'boosting_type': 'goss', 'class_weight': 'balanced', 'colsample_bytree': 0.7745561821345281, 'learning_rate': 0.20325844384516695, 'max_depth': 6, 'min_child_samples': 350, 'n_estimators': 4102, 'num_leaves': 38, 'reg_alpha': 1.4388216044286244, 'reg_lambda': 0.3369745963027454, 'subsample_for_bin': 81460, 'n_jobs': 5, 'random_state': 0}"
7,LGBMClassifier,accuracy,0.2180790960451977,0.7819209039548023,0.020401661113296946,0.7457627118644068,0.8022598870056498,6.543358762000025,ok,"{'boosting_type': 'goss', 'class_weight': 'balanced', 'colsample_bytree': 0.5806997722595382, 'learning_rate': 0.06894948925043848, 'max_depth': 2, 'min_child_samples': 283, 'n_estimators': 5979, 'num_leaves': 37, 'reg_alpha': 0.5299871353956235, 'reg_lambda': 0.5194441012058696, 'subsample_for_bin': 151853, 'n_jobs': 5, 'random_state': 0}"
8,LGBMClassifier,accuracy,0.215819209039548,0.784180790960452,0.022990949095339903,0.7457627118644068,0.8135593220338984,1.0082679759998427,ok,"{'boosting_type': 'goss', 'class_weight': 'balanced', 'colsample_bytree': 0.9384996450934486, 'learning_rate': 0.11012978193333035, 'max_depth': 5, 'min_child_samples': 268, 'n_estimators': 875, 'num_leaves': 95, 'reg_alpha': 0.033988715476397036, 'reg_lambda': 0.13235169875391362, 'subsample_for_bin': 281870, 'n_jobs': 5, 'random_state': 0}"
9,LGBMClassifier,accuracy,0.17175141242937852,0.8282485875706215,0.01735852146410984,0.7966101694915254,0.847457627118644,39.05594832200018,ok,"{'boosting_type': 'dart', 'class_weight': None, 'colsample_bytree': 0.7151774594403701, 'learning_rate': 0.19785753221141922, 'max_depth': 19, 'min_child_samples': 169, 'n_estimators': 3934, 'num_leaves': 67, 'reg_alpha': 0.13739932562023316, 'reg_lambda': 0.9776027044778185, 'subsample_for_bin': 366366, 'n_jobs': 5, 'random_state': 0}"
10,LGBMClassifier,accuracy,0.5322033898305085,0.46779661016949153,0.11847714919519192,0.3333333333333333,0.6440677966101694,1.0203653690000465,ok,"{'boosting_type': 'goss', 'class_weight': 'balanced', 'colsample_bytree': 0.5035768944620416, 'learning_rate': 0.13583303355292034, 'max_depth': 2, 'min_child_samples': 371, 'n_estimators': 9023, 'num_leaves': 47, 'reg_alpha': 1.0077752370272988, 'reg_lambda': 0.28623936026105, 'subsample_for_bin': 272542, 'n_jobs': 5, 'random_state': 0}"
11,LGBMClassifier,accuracy,0.18531073446327684,0.8146892655367232,0.024600611363929076,0.7909604519774012,0.847457627118644,48.13044340600004,ok,"{'boosting_type': 'dart', 'class_weight': 'balanced', 'colsample_bytree': 0.6617486914478936, 'learning_rate': 0.27369595640112043, 'max_depth': 16, 'min_child_samples': 86, 'n_estimators': 4037, 'num_leaves': 123, 'reg_alpha': 0.21467558851673352, 'reg_lambda': 0.8350435308698979, 'subsample_for_bin': 60512, 'n_jobs': 5, 'random_state': 0}"
12,LGBMClassifier,accuracy,0.16610169491525428,0.8338983050847457,0.020086315067379866,0.807909604519774,0.864406779661017,70.29021333300011,ok,"{'boosting_type': 'dart', 'class_weight': 'balanced', 'colsample_bytree': 0.5518953295571243, 'learning_rate': 0.05437754303076294, 'max_depth': 11, 'min_child_samples': 33, 'n_estimators': 4286, 'num_leaves': 76, 'reg_alpha': 0.4084786266157813, 'reg_lambda': 0.8278612930906794, 'subsample_for_bin': 124241, 'n_jobs': 5, 'random_state': 0}"
13,LGBMClassifier,accuracy,0.17288135593220344,0.8271186440677966,0.008455722907963717,0.8192090395480226,0.8418079096045198,16.832504310999866,ok,"{'boosting_type': 'dart', 'class_weight': 'balanced', 'colsample_bytree': 0.8218542486313276, 'learning_rate': 0.07732774476483038, 'max_depth': 12, 'min_child_samples': 160, 'n_estimators': 1952, 'num_leaves': 26, 'reg_alpha': 1.2980386497440752, 'reg_lambda': 0.05358826028836505, 'subsample_for_bin': 250797, 'n_jobs': 5, 'random_state': 0}"
14,LGBMClassifier,accuracy,0.3819209039548024,0.6180790960451976,0.033633618228558676,0.5706214689265536,0.6666666666666666,0.3849680079999871,ok,"{'boosting_type': 'gbdt', 'class_weight': None, 'colsample_bytree': 0.9717679828108452, 'learning_rate': 0.010223665971829887, 'max_depth': 4, 'min_child_samples': 436, 'n_estimators': 1939, 'num_leaves': 69, 'reg_alpha': 0.2888168190059628, 'reg_lambda': 0.4682562172522331, 'subsample_for_bin': 136949, 'n_jobs': 5, 'random_state': 0}"
15,LGBMClassifier,accuracy,0.21129943502824866,0.7887005649717513,0.024128990400070757,0.7457627118644068,0.8192090395480226,3.123328334000007,ok,"{'boosting_type': 'dart', 'class_weight': 'balanced', 'colsample_bytree': 0.6104261387789316, 'learning_rate': 0.1403928182314739, 'max_depth': 2, 'min_child_samples': 260, 'n_estimators': 651, 'num_leaves': 24, 'reg_alpha': 1.4493019879585036, 'reg_lambda': 0.8930347901292249, 'subsample_for_bin': 199755, 'n_jobs': 5, 'random_state': 0}"
1,XGBClassifier,accuracy,0.1672316384180791,0.8327683615819209,0.02916042463404281,0.7909604519774012,0.8757062146892656,2.547113341999875,ok,"{'colsample_bytree': 0.8058951275877191, 'gamma': 9.057964591443994, 'learning_rate': 0.03709230180954348, 'max_depth': 2, 'min_child_weight': 6.508850813656659, 'n_estimators': 4603, 'subsample': 0.9670078746562516, 'n_jobs': 5, 'random_state': 0}"
2,XGBClassifier,accuracy,0.17288135593220344,0.8271186440677966,0.02711864406779661,0.7853107344632768,0.8700564971751412,1.4392419939999854,ok,"{'colsample_bytree': 0.8409724741533906, 'gamma': 9.192325152508534, 'learning_rate': 0.22918614612765126, 'max_depth': 2, 'min_child_weight': 12.718029737743162, 'n_estimators': 2488, 'subsample': 0.9223311221055142, 'n_jobs': 5, 'random_state': 0}"
3,XGBClassifier,accuracy,0.21920903954802262,0.7807909604519774,0.018703893059035977,0.7457627118644068,0.7966101694915254,5.250755515000037,ok,"{'colsample_bytree': 0.9366364135686595, 'gamma': 1.1042243010984198, 'learning_rate': 0.2964482237463151, 'max_depth': 14, 'min_child_weight': 15.994646309632092, 'n_estimators': 9252, 'subsample': 0.41533831035663993, 'n_jobs': 5, 'random_state': 0}"
4,XGBClassifier,accuracy,0.17288135593220344,0.8271186440677966,0.0210181641104387,0.7909604519774012,0.847457627118644,2.0722210540000106,ok,"{'colsample_bytree': 0.6587274682577078, 'gamma': 8.43412426106366, 'learning_rate': 0.1608017574797966, 'max_depth': 7, 'min_child_weight': 3.519730835122081, 'n_estimators': 2518, 'subsample': 0.4147210948787721, 'n_jobs': 5, 'random_state': 0}"
5,XGBClassifier,accuracy,0.16384180790960445,0.8361581920903955,0.026499524066799028,0.7966101694915254,0.8700564971751412,6.198569968000129,ok,"{'colsample_bytree': 0.752195468196043, 'gamma': 4.2441843523981815, 'learning_rate': 0.048279092763569294, 'max_depth': 16, 'min_child_weight': 3.7375933169632756, 'n_estimators': 5225, 'subsample': 0.746247408453535, 'n_jobs': 5, 'random_state': 0}"
6,XGBClassifier,accuracy,0.17401129943502824,0.8259887005649718,0.024858757062146866,0.8022598870056498,0.8700564971751412,3.1545390589999442,ok,"{'colsample_bytree': 0.6940138154977715, 'gamma': 0.7347038668236816, 'learning_rate': 0.1462603019817146, 'max_depth': 6, 'min_child_weight': 13.740964735490392, 'n_estimators': 5102, 'subsample': 0.7435792899701423, 'n_jobs': 5, 'random_state': 0}"
7,XGBClassifier,accuracy,0.16158192090395485,0.8384180790960452,0.020401661113296925,0.807909604519774,0.8700564971751412,1.3103719619998628,ok,"{'colsample_bytree': 0.5482496061671422, 'gamma': 3.6560030359915596, 'learning_rate': 0.15052155398606676, 'max_depth': 2, 'min_child_weight': 3.224506154271172, 'n_estimators': 2545, 'subsample': 0.36424873469030516, 'n_jobs': 5, 'random_state': 0}"
8,XGBClassifier,accuracy,0.16384180790960445,0.8361581920903955,0.02501236567364818,0.7909604519774012,0.864406779661017,3.4338010569999824,ok,"{'colsample_bytree': 0.6931251667152428, 'gamma': 6.649120383902543, 'learning_rate': 0.10176241210745171, 'max_depth': 2, 'min_child_weight': 1.1380564810657243, 'n_estimators': 6179, 'subsample': 0.706658077240409, 'n_jobs': 5, 'random_state': 0}"
9,XGBClassifier,accuracy,0.19435028248587582,0.8056497175141242,0.01877203132862842,0.768361581920904,0.8192090395480226,3.4911286169999585,ok,"{'colsample_bytree': 0.9163352588344851, 'gamma': 4.2253318426211, 'learning_rate': 0.02015598806105586, 'max_depth': 19, 'min_child_weight': 14.465190404514908, 'n_estimators': 6175, 'subsample': 0.3784411879004308, 'n_jobs': 5, 'random_state': 0}"
10,XGBClassifier,accuracy,0.17853107344632768,0.8214689265536723,0.022485591799019638,0.7909604519774012,0.8587570621468926,4.916169421000177,ok,"{'colsample_bytree': 0.6012307448219074, 'gamma': 7.361428633278101, 'learning_rate': 0.23694348132793264, 'max_depth': 3, 'min_child_weight': 13.819330519192546, 'n_estimators': 8001, 'subsample': 0.7723133365034565, 'n_jobs': 5, 'random_state': 0}"
11,XGBClassifier,accuracy,0.16045197740112993,0.8395480225988701,0.007663649698446645,0.8305084745762712,0.8531073446327684,4.549840094999809,ok,"{'colsample_bytree': 0.6622926861824221, 'gamma': 5.165107166634839, 'learning_rate': 0.17085586368596758, 'max_depth': 9, 'min_child_weight': 1.4110582814749726, 'n_estimators': 5264, 'subsample': 0.3296885874572489, 'n_jobs': 5, 'random_state': 0}"
12,XGBClassifier,accuracy,0.1706214689265536,0.8293785310734464,0.024339727941850832,0.7909604519774012,0.8587570621468926,10.840946238000015,ok,"{'colsample_bytree': 0.8347917876825013, 'gamma': 9.682330613470365, 'learning_rate': 0.13151403322813568, 'max_depth': 9, 'min_child_weight': 7.671639964589016, 'n_estimators': 9123, 'subsample': 0.982219386993836, 'n_jobs': 5, 'random_state': 0}"
13,XGBClassifier,accuracy,0.16497175141242937,0.8350282485875706,0.022428738125739214,0.807909604519774,0.8587570621468926,2.5669289400000252,ok,"{'colsample_bytree': 0.8037314874363297, 'gamma': 6.472207302881451, 'learning_rate': 0.1772969710349028, 'max_depth': 16, 'min_child_weight': 11.138829776499739, 'n_estimators': 2763, 'subsample': 0.9465609066564946, 'n_jobs': 5, 'random_state': 0}"
14,XGBClassifier,accuracy,0.17288135593220344,0.8271186440677966,0.030862147533893023,0.7853107344632768,0.864406779661017,4.35931275300004,ok,"{'colsample_bytree': 0.9846894109956992, 'gamma': 3.221034846437835, 'learning_rate': 0.16427228334768398, 'max_depth': 7, 'min_child_weight': 2.2841622221723528, 'n_estimators': 3419, 'subsample': 0.6199512296688912, 'n_jobs': 5, 'random_state': 0}"
15,XGBClassifier,accuracy,0.1819209039548022,0.8180790960451978,0.027998896482178223,0.7853107344632768,0.8531073446327684,0.15966184700005215,ok,"{'colsample_bytree': 0.6785138070311467, 'gamma': 6.702821840680162, 'learning_rate': 0.07629104067424132, 'max_depth': 3, 'min_child_weight': 8.35890314836015, 'n_estimators': 193, 'subsample': 0.5673167385830149, 'n_jobs': 5, 'random_state': 0}"
1,RandomForestClassifier,accuracy,0.16045197740112993,0.8395480225988701,0.03419829593315604,0.7853107344632768,0.8700564971751412,14.509227955000142,ok,"{'bootstrap': False, 'max_depth': 6, 'max_features': 'sqrt', 'min_samples_leaf': 24, 'min_samples_split': 9, 'n_estimators': 7111, 'n_jobs': 5, 'random_state': 0}"
2,RandomForestClassifier,accuracy,0.18192090395480243,0.8180790960451976,0.031027186932759267,0.7740112994350282,0.8587570621468926,1.6656811789998756,ok,"{'bootstrap': True, 'max_depth': 9, 'max_features': 'auto', 'min_samples_leaf': 27, 'min_samples_split': 28, 'n_estimators': 477, 'n_jobs': 5, 'random_state': 0}"
3,RandomForestClassifier,accuracy,0.15367231638418077,0.8463276836158192,0.03985354144304723,0.7796610169491526,0.8870056497175142,8.722882271000117,ok,"{'bootstrap': False, 'max_depth': 10, 'max_features': 'sqrt', 'min_samples_leaf': 2, 'min_samples_split': 35, 'n_estimators': 3867, 'n_jobs': 5, 'random_state': 0}"
4,RandomForestClassifier,accuracy,0.16384180790960445,0.8361581920903955,0.03332854509322626,0.7909604519774012,0.8757062146892656,8.556473280000091,ok,"{'bootstrap': True, 'max_depth': 10, 'max_features': 'auto', 'min_samples_leaf': 12, 'min_samples_split': 18, 'n_estimators': 3409, 'n_jobs': 5, 'random_state': 0}"
5,RandomForestClassifier,accuracy,0.21016949152542375,0.7898305084745763,0.0284512504226309,0.7457627118644068,0.8305084745762712,10.199408644000187,ok,"{'bootstrap': True, 'max_depth': 8, 'max_features': 'sqrt', 'min_samples_leaf': 38, 'min_samples_split': 24, 'n_estimators': 4431, 'n_jobs': 5, 'random_state': 0}"
6,RandomForestClassifier,accuracy,0.21016949152542375,0.7898305084745763,0.0284512504226309,0.7457627118644068,0.8305084745762712,12.44356585300011,ok,"{'bootstrap': True, 'max_depth': 16, 'max_features': 'auto', 'min_samples_leaf': 38, 'min_samples_split': 22, 'n_estimators': 5323, 'n_jobs': 5, 'random_state': 0}"
7,RandomForestClassifier,accuracy,0.1796610169491526,0.8203389830508474,0.032039427974593956,0.7853107344632768,0.8700564971751412,2.567433248000043,ok,"{'bootstrap': True, 'max_depth': 10, 'max_features': 'sqrt', 'min_samples_leaf': 26, 'min_samples_split': 11, 'n_estimators': 863, 'n_jobs': 5, 'random_state': 0}"
8,RandomForestClassifier,accuracy,0.19548022598870074,0.8045197740112993,0.0324748200298303,0.7570621468926554,0.8361581920903954,12.825718852999898,ok,"{'bootstrap': True, 'max_depth': 5, 'max_features': 'auto', 'min_samples_leaf': 31, 'min_samples_split': 9, 'n_estimators': 5417, 'n_jobs': 5, 'random_state': 0}"
9,RandomForestClassifier,accuracy,0.17514124293785316,0.8248587570621468,0.03255335658957723,0.7853107344632768,0.8700564971751412,6.752873590000036,ok,"{'bootstrap': True, 'max_depth': 7, 'max_features': 'auto', 'min_samples_leaf': 22, 'min_samples_split': 38, 'n_estimators': 2743, 'n_jobs': 5, 'random_state': 0}"
10,RandomForestClassifier,accuracy,0.1570621468926554,0.8429378531073446,0.03183955435843021,0.7966101694915254,0.8757062146892656,15.211495614999876,ok,"{'bootstrap': False, 'max_depth': 12, 'max_features': 'auto', 'min_samples_leaf': 22, 'min_samples_split': 33, 'n_estimators': 7361, 'n_jobs': 5, 'random_state': 0}"
11,RandomForestClassifier,accuracy,0.16610169491525428,0.8338983050847457,0.028044460216928472,0.7909604519774012,0.8700564971751412,3.9357046210000135,ok,"{'bootstrap': False, 'max_depth': 3, 'max_features': 'sqrt', 'min_samples_leaf': 20, 'min_samples_split': 25, 'n_estimators': 1943, 'n_jobs': 5, 'random_state': 0}"
12,RandomForestClassifier,accuracy,0.1672316384180791,0.8327683615819209,0.03363361822855868,0.7909604519774012,0.8757062146892656,18.731384802999855,ok,"{'bootstrap': True, 'max_depth': 16, 'max_features': 'sqrt', 'min_samples_leaf': 14, 'min_samples_split': 11, 'n_estimators': 7644, 'n_jobs': 5, 'random_state': 0}"
13,RandomForestClassifier,accuracy,0.16271186440677954,0.8372881355932205,0.029551857244343525,0.7909604519774012,0.864406779661017,0.8894545870000456,ok,"{'bootstrap': False, 'max_depth': 9, 'max_features': 'auto', 'min_samples_leaf': 18, 'min_samples_split': 31, 'n_estimators': 290, 'n_jobs': 5, 'random_state': 0}"
14,RandomForestClassifier,accuracy,0.17627118644067807,0.8237288135593219,0.030612920190156084,0.7853107344632768,0.864406779661017,17.702158777000022,ok,"{'bootstrap': True, 'max_depth': 6, 'max_features': 'auto', 'min_samples_leaf': 24, 'min_samples_split': 19, 'n_estimators': 7359, 'n_jobs': 5, 'random_state': 0}"
15,RandomForestClassifier,accuracy,0.15932203389830524,0.8406779661016948,0.03526437634876211,0.7853107344632768,0.8757062146892656,7.43640109099988,ok,"{'bootstrap': False, 'max_depth': 15, 'max_features': 'auto', 'min_samples_leaf': 24, 'min_samples_split': 13, 'n_estimators': 3542, 'n_jobs': 5, 'random_state': 0}"
1,GradientBoostingClassifier,accuracy,0.2067796610169491,0.7932203389830509,0.014558303646017094,0.7796610169491526,0.8135593220338984,6.571918465000181,ok,"{'learning_rate': 0.1487588217086355, 'loss': 'exponential', 'max_depth': 11, 'max_features': 'auto', 'min_samples_leaf': 23, 'min_samples_split': 25, 'n_estimators': 2292, 'random_state': 0}"
2,GradientBoostingClassifier,accuracy,0.21016949152542375,0.7898305084745763,0.02730631858439453,0.751412429378531,0.8192090395480226,15.342638893999947,ok,"{'learning_rate': 0.19310772112861493, 'loss': 'deviance', 'max_depth': 17, 'max_features': 'auto', 'min_samples_leaf': 34, 'min_samples_split': 25, 'n_estimators': 6833, 'random_state': 0}"
3,GradientBoostingClassifier,accuracy,0.2033898305084746,0.7966101694915254,0.02673934365242762,0.768361581920904,0.8305084745762712,17.081945010000027,ok,"{'learning_rate': 0.2989175064594691, 'loss': 'deviance', 'max_depth': 7, 'max_features': 'auto', 'min_samples_leaf': 33, 'min_samples_split': 18, 'n_estimators': 7956, 'random_state': 0}"
4,GradientBoostingClassifier,accuracy,0.1909604519774012,0.8090395480225988,0.03771371586051668,0.7627118644067796,0.8587570621468926,9.449134754999932,ok,"{'learning_rate': 0.08554676366102533, 'loss': 'deviance', 'max_depth': 11, 'max_features': 'sqrt', 'min_samples_leaf': 28, 'min_samples_split': 36, 'n_estimators': 4997, 'random_state': 0}"
5,GradientBoostingClassifier,accuracy,0.18870056497175136,0.8112994350282486,0.021910417434650074,0.7853107344632768,0.8361581920903954,6.453726103000008,ok,"{'learning_rate': 0.20964102543918475, 'loss': 'deviance', 'max_depth': 4, 'max_features': 'sqrt', 'min_samples_leaf': 31, 'min_samples_split': 12, 'n_estimators': 4414, 'random_state': 0}"
6,GradientBoostingClassifier,accuracy,0.18418079096045192,0.8158192090395481,0.021910417434650085,0.7853107344632768,0.8531073446327684,21.1421898399999,ok,"{'learning_rate': 0.010095161233593589, 'loss': 'deviance', 'max_depth': 19, 'max_features': 'sqrt', 'min_samples_leaf': 20, 'min_samples_split': 2, 'n_estimators': 8643, 'random_state': 0}"
7,GradientBoostingClassifier,accuracy,0.20112994350282487,0.7988700564971751,0.02804446021692847,0.7570621468926554,0.8361581920903954,8.308218669000098,ok,"{'learning_rate': 0.27579333452487065, 'loss': 'exponential', 'max_depth': 3, 'max_features': 'sqrt', 'min_samples_leaf': 3, 'min_samples_split': 37, 'n_estimators': 7143, 'random_state': 0}"
8,GradientBoostingClassifier,accuracy,0.18305084745762712,0.8169491525423729,0.02491006518084588,0.7740112994350282,0.847457627118644,1.8148731429998861,ok,"{'learning_rate': 0.20615447412842472, 'loss': 'exponential', 'max_depth': 4, 'max_features': 'sqrt', 'min_samples_leaf': 35, 'min_samples_split': 20, 'n_estimators': 1319, 'random_state': 0}"
9,GradientBoostingClassifier,accuracy,0.17401129943502824,0.8259887005649718,0.029980789065359566,0.7853107344632768,0.8757062146892656,0.822538183000006,ok,"{'learning_rate': 0.10763773946110441, 'loss': 'exponential', 'max_depth': 9, 'max_features': 'sqrt', 'min_samples_leaf': 15, 'min_samples_split': 37, 'n_estimators': 359, 'random_state': 0}"
10,GradientBoostingClassifier,accuracy,0.2056497175141243,0.7943502824858757,0.02959503017787299,0.7570621468926554,0.8305084745762712,5.499053251000078,ok,"{'learning_rate': 0.2860618632199535, 'loss': 'exponential', 'max_depth': 9, 'max_features': 'sqrt', 'min_samples_leaf': 15, 'min_samples_split': 14, 'n_estimators': 2979, 'random_state': 0}"
11,GradientBoostingClassifier,accuracy,0.19887005649717504,0.801129943502825,0.027539113236054118,0.7627118644067796,0.8305084745762712,3.7347933870000816,ok,"{'learning_rate': 0.22561855534681896, 'loss': 'deviance', 'max_depth': 4, 'max_features': 'auto', 'min_samples_leaf': 14, 'min_samples_split': 16, 'n_estimators': 1618, 'random_state': 0}"
12,GradientBoostingClassifier,accuracy,0.192090395480226,0.807909604519774,0.034086108766098,0.751412429378531,0.8418079096045198,7.70575506199998,ok,"{'learning_rate': 0.09753855245249904, 'loss': 'deviance', 'max_depth': 16, 'max_features': 'sqrt', 'min_samples_leaf': 15, 'min_samples_split': 30, 'n_estimators': 3140, 'random_state': 0}"
13,GradientBoostingClassifier,accuracy,0.17966101694915237,0.8203389830508476,0.03203942797459396,0.7740112994350282,0.864406779661017,7.748536929000011,ok,"{'learning_rate': 0.13754965338176237, 'loss': 'exponential', 'max_depth': 12, 'max_features': 'sqrt', 'min_samples_leaf': 3, 'min_samples_split': 13, 'n_estimators': 2622, 'random_state': 0}"
14,GradientBoostingClassifier,accuracy,0.1932203389830509,0.8067796610169491,0.026595711403253824,0.768361581920904,0.8418079096045198,11.034302188999845,ok,"{'learning_rate': 0.15635903528811676, 'loss': 'exponential', 'max_depth': 7, 'max_features': 'sqrt', 'min_samples_leaf': 19, 'min_samples_split': 24, 'n_estimators': 5582, 'random_state': 0}"
15,GradientBoostingClassifier,accuracy,0.19548022598870052,0.8045197740112995,0.029595030177872968,0.768361581920904,0.8305084745762712,10.00875824700006,ok,"{'learning_rate': 0.21911119064704548, 'loss': 'deviance', 'max_depth': 19, 'max_features': 'sqrt', 'min_samples_leaf': 36, 'min_samples_split': 21, 'n_estimators': 6530, 'random_state': 0}"
1,AdaBoostClassifier,accuracy,0.2655367231638419,0.7344632768361581,0.15887664635817225,0.4180790960451977,0.8248587570621468,19.847957937000047,ok,"{'algorithm': 'SAMME.R', 'learning_rate': 0.10009211667613842, 'n_estimators': 7725, 'random_state': 0}"
2,AdaBoostClassifier,accuracy,0.27231638418079096,0.727683615819209,0.14863804431552857,0.4463276836158192,0.8418079096045198,3.8629255509999894,ok,"{'algorithm': 'SAMME.R', 'learning_rate': 0.060643449308147176, 'n_estimators': 1599, 'random_state': 0}"
3,AdaBoostClassifier,accuracy,0.17627118644067807,0.8237288135593219,0.029116607292034163,0.7796610169491526,0.8587570621468926,1.0093338579999909,ok,"{'algorithm': 'SAMME.R', 'learning_rate': 0.02793866854224053, 'n_estimators': 425, 'random_state': 0}"
4,AdaBoostClassifier,accuracy,0.17514124293785316,0.8248587570621468,0.017865975481177264,0.8022598870056498,0.8531073446327684,18.03462065099984,ok,"{'algorithm': 'SAMME', 'learning_rate': 0.0822111102472488, 'n_estimators': 8095, 'random_state': 0}"
5,AdaBoostClassifier,accuracy,0.2734463276836159,0.7265536723163841,0.15237907141012236,0.4293785310734463,0.8418079096045198,19.643247470000006,ok,"{'algorithm': 'SAMME.R', 'learning_rate': 0.028934846750910313, 'n_estimators': 8260, 'random_state': 0}"
6,AdaBoostClassifier,accuracy,0.17853107344632768,0.8214689265536723,0.01621774021966928,0.7966101694915254,0.847457627118644,9.228697500999942,ok,"{'algorithm': 'SAMME', 'learning_rate': 0.26570629670223933, 'n_estimators': 4536, 'random_state': 0}"
7,AdaBoostClassifier,accuracy,0.29604519774011295,0.703954802259887,0.15683843760045996,0.4124293785310734,0.8305084745762712,15.87501433400007,ok,"{'algorithm': 'SAMME.R', 'learning_rate': 0.16771272637634205, 'n_estimators': 6426, 'random_state': 0}"
8,AdaBoostClassifier,accuracy,0.17853107344632768,0.8214689265536723,0.020401661113296932,0.7853107344632768,0.847457627118644,10.64224385600005,ok,"{'algorithm': 'SAMME', 'learning_rate': 0.23543446897508394, 'n_estimators': 5274, 'random_state': 0}"
9,AdaBoostClassifier,accuracy,0.2870056497175141,0.7129943502824859,0.1550700805019991,0.4067796610169492,0.8305084745762712,19.537117007999996,ok,"{'algorithm': 'SAMME.R', 'learning_rate': 0.2096654377748102, 'n_estimators': 8170, 'random_state': 0}"
10,AdaBoostClassifier,accuracy,0.2870056497175141,0.7129943502824859,0.15131964439317847,0.4180790960451977,0.8305084745762712,14.544195873000035,ok,"{'algorithm': 'SAMME.R', 'learning_rate': 0.2426793056212801, 'n_estimators': 6270, 'random_state': 0}"
11,AdaBoostClassifier,accuracy,0.17401129943502824,0.8259887005649718,0.017284811910484005,0.8022598870056498,0.8531073446327684,9.122084557000107,ok,"{'algorithm': 'SAMME', 'learning_rate': 0.14985417426565692, 'n_estimators': 4170, 'random_state': 0}"
12,AdaBoostClassifier,accuracy,0.17514124293785316,0.8248587570621468,0.017865975481177264,0.8022598870056498,0.8531073446327684,13.508086897000112,ok,"{'algorithm': 'SAMME', 'learning_rate': 0.09707975788431678, 'n_estimators': 6489, 'random_state': 0}"
13,AdaBoostClassifier,accuracy,0.18305084745762712,0.8169491525423729,0.032079253257804266,0.7570621468926554,0.8531073446327684,19.940965234000032,ok,"{'algorithm': 'SAMME', 'learning_rate': 0.17001883596397627, 'n_estimators': 8436, 'random_state': 0}"
14,AdaBoostClassifier,accuracy,0.17740112994350277,0.8225988700564972,0.016606710120563913,0.7966101694915254,0.847457627118644,8.162149222999915,ok,"{'algorithm': 'SAMME', 'learning_rate': 0.2971156025062724, 'n_estimators': 3800, 'random_state': 0}"
15,AdaBoostClassifier,accuracy,0.17514124293785316,0.8248587570621468,0.017865975481177264,0.8022598870056498,0.8531073446327684,15.76563919299997,ok,"{'algorithm': 'SAMME', 'learning_rate': 0.09632100678082663, 'n_estimators': 6670, 'random_state': 0}"
1,ExtraTreesClassifier,accuracy,0.17514124293785316,0.8248587570621468,0.029895495040277865,0.7853107344632768,0.864406779661017,5.94075225000006,ok,"{'criterion': 'gini', 'max_depth': 4, 'max_features': 'auto', 'min_samples_leaf': 2, 'min_samples_split': 23, 'n_estimators': 3252, 'n_jobs': 5, 'random_state': 0}"
2,ExtraTreesClassifier,accuracy,0.19774011299435013,0.8022598870056499,0.03294323104432374,0.7401129943502824,0.8361581920903954,14.362870770999734,ok,"{'criterion': 'gini', 'max_depth': 11, 'max_features': 'auto', 'min_samples_leaf': 36, 'min_samples_split': 28, 'n_estimators': 7947, 'n_jobs': 5, 'random_state': 0}"
3,ExtraTreesClassifier,accuracy,0.20225988700564967,0.7977401129943503,0.03143599489998546,0.7401129943502824,0.8305084745762712,12.766395834999912,ok,"{'criterion': 'entropy', 'max_depth': 3, 'max_features': 'auto', 'min_samples_leaf': 5, 'min_samples_split': 39, 'n_estimators': 7258, 'n_jobs': 5, 'random_state': 0}"
4,ExtraTreesClassifier,accuracy,0.16610169491525417,0.8338983050847458,0.02591490382187504,0.8022598870056498,0.8587570621468926,2.687680957000339,ok,"{'criterion': 'gini', 'max_depth': 19, 'max_features': 'auto', 'min_samples_leaf': 15, 'min_samples_split': 18, 'n_estimators': 1285, 'n_jobs': 5, 'random_state': 0}"
5,ExtraTreesClassifier,accuracy,0.16271186440677976,0.8372881355932202,0.02730631858439449,0.8022598870056498,0.8700564971751412,15.628608864999933,ok,"{'criterion': 'entropy', 'max_depth': 15, 'max_features': 'sqrt', 'min_samples_leaf': 12, 'min_samples_split': 22, 'n_estimators': 8412, 'n_jobs': 5, 'random_state': 0}"
6,ExtraTreesClassifier,accuracy,0.19999999999999996,0.8,0.0318796293325783,0.7401129943502824,0.8305084745762712,14.203545991999817,ok,"{'criterion': 'entropy', 'max_depth': 13, 'max_features': 'sqrt', 'min_samples_leaf': 37, 'min_samples_split': 39, 'n_estimators': 8014, 'n_jobs': 5, 'random_state': 0}"
7,ExtraTreesClassifier,accuracy,0.15819209039548032,0.8418079096045197,0.029465321605435673,0.8022598870056498,0.8813559322033898,14.432454508999854,ok,"{'criterion': 'gini', 'max_depth': 12, 'max_features': 'auto', 'min_samples_leaf': 7, 'min_samples_split': 30, 'n_estimators': 7853, 'n_jobs': 5, 'random_state': 0}"
8,ExtraTreesClassifier,accuracy,0.1672316384180791,0.8327683615819209,0.025165036668158263,0.8022598870056498,0.8587570621468926,11.539539486999729,ok,"{'criterion': 'entropy', 'max_depth': 15, 'max_features': 'sqrt', 'min_samples_leaf': 16, 'min_samples_split': 27, 'n_estimators': 5981, 'n_jobs': 5, 'random_state': 0}"
9,ExtraTreesClassifier,accuracy,0.1581920903954801,0.8418079096045199,0.029247862385411938,0.807909604519774,0.8813559322033898,3.296144410999659,ok,"{'criterion': 'entropy', 'max_depth': 11, 'max_features': 'auto', 'min_samples_leaf': 8, 'min_samples_split': 15, 'n_estimators': 1564, 'n_jobs': 5, 'random_state': 0}"
10,ExtraTreesClassifier,accuracy,0.1932203389830509,0.8067796610169491,0.026595711403253817,0.7570621468926554,0.8361581920903954,6.787547697999798,ok,"{'criterion': 'gini', 'max_depth': 4, 'max_features': 'auto', 'min_samples_leaf': 27, 'min_samples_split': 29, 'n_estimators': 4006, 'n_jobs': 5, 'random_state': 0}"
11,ExtraTreesClassifier,accuracy,0.19774011299435013,0.8022598870056499,0.03294323104432374,0.7401129943502824,0.8361581920903954,11.048235296000257,ok,"{'criterion': 'gini', 'max_depth': 7, 'max_features': 'auto', 'min_samples_leaf': 34, 'min_samples_split': 2, 'n_estimators': 6825, 'n_jobs': 5, 'random_state': 0}"
12,ExtraTreesClassifier,accuracy,0.1819209039548022,0.8180790960451978,0.023266960770592104,0.7853107344632768,0.8418079096045198,0.3505328619999091,ok,"{'criterion': 'entropy', 'max_depth': 13, 'max_features': 'auto', 'min_samples_leaf': 25, 'min_samples_split': 13, 'n_estimators': 101, 'n_jobs': 5, 'random_state': 0}"
13,ExtraTreesClassifier,accuracy,0.2045197740112995,0.7954802259887005,0.02976709575665423,0.7401129943502824,0.8248587570621468,6.71123697999974,ok,"{'criterion': 'gini', 'max_depth': 2, 'max_features': 'auto', 'min_samples_leaf': 4, 'min_samples_split': 33, 'n_estimators': 4394, 'n_jobs': 5, 'random_state': 0}"
14,ExtraTreesClassifier,accuracy,0.1672316384180791,0.8327683615819209,0.023321771119265856,0.8022598870056498,0.8587570621468926,11.921165412999926,ok,"{'criterion': 'gini', 'max_depth': 15, 'max_features': 'auto', 'min_samples_leaf': 14, 'min_samples_split': 29, 'n_estimators': 6910, 'n_jobs': 5, 'random_state': 0}"
15,ExtraTreesClassifier,accuracy,0.19096045197740108,0.8090395480225989,0.021852067351201925,0.768361581920904,0.8305084745762712,3.7827623839998523,ok,"{'criterion': 'entropy', 'max_depth': 11, 'max_features': 'auto', 'min_samples_leaf': 29, 'min_samples_split': 4, 'n_estimators': 1776, 'n_jobs': 5, 'random_state': 0}"
1,SVC,accuracy,0.20790960451977403,0.792090395480226,0.04567544165289885,0.7401129943502824,0.864406779661017,0.15503641300028903,ok,"{'C': 8.18466983293176, 'decision_function_shape': 'ovo', 'gamma': 3.4146850145718317, 'probability': True, 'random_state': 0}"
2,SVC,accuracy,0.18531073446327684,0.8146892655367232,0.031027186932759278,0.7796610169491526,0.864406779661017,0.1268211080000583,ok,"{'C': 14.520555134687317, 'decision_function_shape': 'ovo', 'gamma': 0.8391870652898191, 'probability': True, 'random_state': 0}"
3,SVC,accuracy,0.1672316384180791,0.8327683615819209,0.02827117740835437,0.7966101694915254,0.8757062146892656,0.10841448900009709,ok,"{'C': 6.199219264133554, 'decision_function_shape': 'ovr', 'gamma': 0.05968365078133672, 'probability': True, 'random_state': 0}"
4,SVC,accuracy,0.22259887005649703,0.777401129943503,0.05402500830681093,0.7062146892655368,0.8418079096045198,0.11368124499995247,ok,"{'C': 0.6256328207479158, 'decision_function_shape': 'ovr', 'gamma': 4.862762828028452, 'probability': True, 'random_state': 0}"
5,SVC,accuracy,0.18305084745762712,0.8169491525423729,0.03247482002983031,0.7853107344632768,0.864406779661017,0.11489450399994894,ok,"{'C': 1.4366850377248854, 'decision_function_shape': 'ovo', 'gamma': 0.9981539042302107, 'probability': True, 'random_state': 0}"
6,SVC,accuracy,0.21355932203389838,0.7864406779661016,0.052563630958702874,0.7231638418079096,0.864406779661017,0.1808659869998337,ok,"{'C': 9.934435648291577, 'decision_function_shape': 'ovr', 'gamma': 3.6829897815734958, 'probability': True, 'random_state': 0}"
7,SVC,accuracy,0.21242937853107358,0.7875706214689264,0.046120523462053226,0.7231638418079096,0.8531073446327684,0.1687859259996003,ok,"{'C': 3.074376386977685, 'decision_function_shape': 'ovr', 'gamma': 4.4657372665388335, 'probability': True, 'random_state': 0}"
8,SVC,accuracy,0.18983050847457628,0.8101694915254237,0.03940247632579142,0.751412429378531,0.864406779661017,0.17421901799980333,ok,"{'C': 11.102406175645955, 'decision_function_shape': 'ovr', 'gamma': 1.3386146315317584, 'probability': True, 'random_state': 0}"
9,SVC,accuracy,0.18983050847457628,0.8101694915254237,0.025165036668158274,0.7909604519774012,0.8531073446327684,0.12064484199981962,ok,"{'C': 9.517697117044653, 'decision_function_shape': 'ovo', 'gamma': 0.19763626746585042, 'probability': True, 'random_state': 0}"
10,SVC,accuracy,0.19661016949152543,0.8033898305084746,0.043820834869300135,0.7344632768361582,0.8587570621468926,0.24873910199994498,ok,"{'C': 3.2527639389368357, 'decision_function_shape': 'ovr', 'gamma': 3.173640436669462, 'probability': True, 'random_state': 0}"
11,SVC,accuracy,0.18644067796610175,0.8135593220338982,0.029465321605435666,0.7796610169491526,0.8587570621468926,0.11033525099992403,ok,"{'C': 2.9152801465557125, 'decision_function_shape': 'ovo', 'gamma': 0.6330788754042949, 'probability': True, 'random_state': 0}"
12,SVC,accuracy,0.192090395480226,0.807909604519774,0.04212734888657006,0.751412429378531,0.864406779661017,0.1280877470003361,ok,"{'C': 11.107296812875706, 'decision_function_shape': 'ovo', 'gamma': 1.3693978709179007, 'probability': True, 'random_state': 0}"
13,SVC,accuracy,0.17966101694915237,0.8203389830508476,0.0258655890220556,0.7853107344632768,0.864406779661017,0.08349789099975169,ok,"{'C': 0.5065564569628997, 'decision_function_shape': 'ovo', 'gamma': 0.1106820705761249, 'probability': True, 'random_state': 0}"
14,SVC,accuracy,0.18983050847457628,0.8101694915254237,0.04083460112902295,0.751412429378531,0.864406779661017,0.12584300000025905,ok,"{'C': 8.723956580778907, 'decision_function_shape': 'ovo', 'gamma': 1.3866618799672517, 'probability': True, 'random_state': 0}"
15,SVC,accuracy,0.2067796610169491,0.7932203389830509,0.043995304709450386,0.7288135593220338,0.8531073446327684,0.12100240800009487,ok,"{'C': 3.826484603446644, 'decision_function_shape': 'ovr', 'gamma': 3.7948900849430314, 'probability': True, 'random_state': 0}"
1,KNeighborsClassifier,accuracy,0.17175141242937852,0.8282485875706215,0.03636943941114368,0.7909604519774012,0.8870056497175142,0.12617463600008705,ok,"{'algorithm': 'auto', 'n_neighbors': 9, 'weights': 'uniform', 'n_jobs': 5}"
2,KNeighborsClassifier,accuracy,0.1819209039548022,0.8180790960451978,0.037882609297717994,0.7853107344632768,0.8813559322033898,0.12429845699989528,ok,"{'algorithm': 'ball_tree', 'n_neighbors': 19, 'weights': 'distance', 'n_jobs': 5}"
3,KNeighborsClassifier,accuracy,0.23502824858757054,0.7649717514124295,0.03583898650204226,0.7175141242937854,0.8192090395480226,0.12743535100025838,ok,"{'algorithm': 'brute', 'n_neighbors': 1, 'weights': 'distance', 'n_jobs': 5}"
4,KNeighborsClassifier,accuracy,0.17627118644067785,0.8237288135593221,0.03685764165039566,0.7909604519774012,0.8813559322033898,0.13020331500001703,ok,"{'algorithm': 'ball_tree', 'n_neighbors': 7, 'weights': 'distance', 'n_jobs': 5}"
5,KNeighborsClassifier,accuracy,0.1807909604519773,0.8192090395480227,0.033328545093226275,0.7853107344632768,0.8757062146892656,0.11814798800014614,ok,"{'algorithm': 'brute', 'n_neighbors': 5, 'weights': 'distance', 'n_jobs': 5}"
6,KNeighborsClassifier,accuracy,0.2395480225988701,0.7604519774011299,0.04083460112902293,0.7005649717514124,0.8248587570621468,0.11845430399989709,ok,"{'algorithm': 'ball_tree', 'n_neighbors': 1, 'weights': 'distance', 'n_jobs': 5}"
7,KNeighborsClassifier,accuracy,0.20903954802259883,0.7909604519774012,0.016374437001344007,0.768361581920904,0.807909604519774,0.12547124599996096,ok,"{'algorithm': 'auto', 'n_neighbors': 2, 'weights': 'uniform', 'n_jobs': 5}"
8,KNeighborsClassifier,accuracy,0.20903954802259883,0.7909604519774012,0.016374437001344007,0.768361581920904,0.807909604519774,0.1308286900002713,ok,"{'algorithm': 'auto', 'n_neighbors': 2, 'weights': 'uniform', 'n_jobs': 5}"
9,KNeighborsClassifier,accuracy,0.17853107344632768,0.8214689265536723,0.03147658367725223,0.7966101694915254,0.8813559322033898,0.12687382400008573,ok,"{'algorithm': 'kd_tree', 'n_neighbors': 8, 'weights': 'uniform', 'n_jobs': 5}"
10,KNeighborsClassifier,accuracy,0.17288135593220333,0.8271186440677967,0.0243921278473705,0.8022598870056498,0.864406779661017,0.12531454099962502,ok,"{'algorithm': 'brute', 'n_neighbors': 12, 'weights': 'uniform', 'n_jobs': 5}"
11,KNeighborsClassifier,accuracy,0.17627118644067785,0.8237288135593221,0.03685764165039566,0.7909604519774012,0.8813559322033898,0.1251918600000863,ok,"{'algorithm': 'ball_tree', 'n_neighbors': 7, 'weights': 'distance', 'n_jobs': 5}"
12,KNeighborsClassifier,accuracy,0.17627118644067785,0.8237288135593221,0.03685764165039566,0.7909604519774012,0.8813559322033898,0.12892400500004442,ok,"{'algorithm': 'ball_tree', 'n_neighbors': 7, 'weights': 'distance', 'n_jobs': 5}"
13,KNeighborsClassifier,accuracy,0.1706214689265536,0.8293785310734464,0.037713715860516694,0.7909604519774012,0.8983050847457628,0.12307927300025767,ok,"{'algorithm': 'kd_tree', 'n_neighbors': 5, 'weights': 'uniform', 'n_jobs': 5}"
14,KNeighborsClassifier,accuracy,0.17288135593220333,0.8271186440677967,0.0243921278473705,0.8022598870056498,0.864406779661017,0.1272784450002291,ok,"{'algorithm': 'kd_tree', 'n_neighbors': 12, 'weights': 'uniform', 'n_jobs': 5}"
15,KNeighborsClassifier,accuracy,0.23615819209039546,0.7638418079096045,0.036158192090395454,0.7175141242937854,0.8248587570621468,0.12153787400029614,ok,"{'algorithm': 'auto', 'n_neighbors': 1, 'weights': 'distance', 'n_jobs': 5}"
